label,text,razlaga
0,"Če Lowry ostane in se JV vrne, je te serije KONEC!","Ta komentar izraža prepričanje, da bi prisotnost Lowryja in JV-ja odločilno vplivala na izid serije, zato ni sarkastičen."
1,Kako bo to vplivalo na njihov status B1G?,"Vprašanje o vplivu na njihov status B1G je sarkastično, ker nakazuje, da je vpliv verjetno nepomemben ali očiten, vendar je zastavljeno kot resno vprašanje."
0,Vseh 37 koncev je razočaranje.,"Komentar izraža resnično razočaranje nad vsemi konci, kar kaže na iskreno mnenje brez sarkazma."
1,"Ne, gamergate govori o nadlegovanju žensk v tehnologiji.","Komentar je sarkastičen, ker zavrača resnični namen Gamergate gibanja z izjemno poenostavljeno in ironično izjavo."
0,"Če želimo iti nekoliko meta, je očitna vzporednica med Joffreyjem in Sanso ter Gioffrejem Borgio in Sancho Aragonsko.","Komentar je analitičen in poskuša narediti resno vzporednico med zgodovinskimi in fiktivnimi osebami, kar ni sarkastično."
1,"V resnici ne gre za težavo, temveč za zaznano težavo, na primer, kako je tisti tip v New Yorku dojemal, da se je zadušil do smrti.","Komentar je sarkastičen, ker trivializira resno situacijo z omalovažujočo primerjavo zaznane in dejanske težave."
0,"Ali pijane ženske, ki poskušajo otipavati privlačne moške, štejejo tudi za Dude Bros?","Vprašanje poskuša resno razpravljati o spolni dinamiki in dvojnem merilu, zato ni sarkastično."
1,"Oh becca, poškropi me s svojim vagfumom.","Uporaba besede "vagfumom" v tem kontekstu je nesmiselna in namenoma pretirana, kar kaže na sarkazem."
1,"Za vašo informacijo smo se pri mojem pouku filozofije naučili, da je nevedno domnevati, da lahko karkoli ""jamčimo"".","Uporaba besede "nevedno" v tem kontekstu, skupaj s poudarkom na "jamčimo", kaže na sarkastičen ton, ki izpostavlja domnevno nesmiselno trditev."
0,^^momljati ^^momljati ^^momljati **ŽELELA SEM**,"Komentar uporablja posebne oznake, da izrazi frustracijo ali nezadovoljstvo, vendar brez sarkazma."
