label,text,kontext
0,"Če Lowry ostane in se JV vrne, je te serije KONEC!","Komentar se nanaša na košarkaša iz ekipe Toronto Raptors Kyla Lowryja in Jonasa Valančiūnasa. Komentar napoveduje zmago Raptorsev v primeru, če Lowry ostane v ekipi in, če se Valančiūnas vrne vanjo."
1,Kako bo to vplivalo na njihov status B1G?,"Komentar se sprašuje, kako bo vključitev v tretjo divizijo južne atletske družbe vplivala na status univerze v Chicagu v B1G - atletski konferenci 18 univerz v ZDA."
0,Vseh 37 koncev je razočaranje.,"Komentar je iz foruma o interakcijah s čudaki. Predhoden komentar na šaljiv način primerja interakcije z več čudaki, kot igro, kjer si izbereš svojo avanturo. Sledeči komentar odgovori, da bo vsak izbor avanture vodil v razočaranje."
1,"Ne, gamergate govori o nadlegovanju žensk v tehnologiji.","Komentar se nanaša na gibanje 'gamergate', ki se je zavzemalo proti korupciji v industriji novinarstva o video igrah. Komentar se nanaša na primere nadlegovanja žensk iz industrije video iger, ki ga je gibanje povzročilo."
0,"Če želimo iti nekoliko meta, je očitna vzporednica med Joffreyjem in Sanso ter Gioffrejem Borgio in Sancho Aragonsko.","Komentar predstavlja, da obstaja vporednica med fiktivnima likoma iz serije knjig 'Pesem ledu in ognja' Joffreyem Baratheonom ter Sanso Stark in zgodovinskima likoma Gioffrem Borgio ter Sancho Aragonsko."
1,"V resnici ne gre za težavo, temveč za zaznano težavo, na primer, kako je tisti tip v New Yorku dojemal, da se je zadušil do smrti.","Komentar uporablja tragični primer smrti v New Yorku, da se zavzame proti zavračanju skrbi kot zgolj zaznave, poudarja pa pomembnost, da se take težave jemlje resno."
0,"Ali pijane ženske, ki poskušajo otipavati privlačne moške, štejejo tudi za Dude Bros?","Komentar postavlja vprašanje o tem, ali naj bi bilo ravnanje žensk, ki pod vplivom alkohola nadlegujejo privlačne moške, označeno enako kot obnašanje, ki ga pogosto povezujemo z izrazom 'Dude Bros', ki se uporablja za označevanje stereotipnih moških, običajno mladih, ki so znani po svojem grobem ali agresivnem vedenju, še posebej ko so pod vplivom alkohola."
1,"Oh becca, poškropi me s svojim vagfumom.","Komentar je provokativen in humoren. Odgovarja na komentar, v katerem neka ženska deli sliko darila parfuma v obliki vagine, ki ga je dobila od prijateljev."
1,"Za vašo informacijo smo se pri mojem pouku filozofije naučili, da je nevedno domnevati, da lahko karkoli ""jamčimo"".","V kometarju avtor v okviru debate predstavi znanje iz pouka filozofije, da je nevedno domnevati, da lahko karkoli jamčimo. To stori na način, kot da je to znanje sprejel kot jamčeno."
0,^^momljati ^^momljati ^^momljati **ŽELELA SEM**,"Kometar uporabi posebno formatiranje, da odgovori na vprašanje predhodnega komentarja 'Zakaj si pustila ključe na mizi'. Oba komentarja sta besedilo iz pesmi 'Chop Suey' glasbene skupine 'System of a down'."
